<project
    xmlns:maven="jelly:maven"
    xmlns:ant="jelly:ant"
    xmlns:j="jelly:core"
    xmlns:u="jelly:util">

    <!-- Clean up local files. -->
    <postGoal name="clean">
        <ant:delete quiet="true" failonerror="false">
            <fileset dir="${basedir}">
                <include name="junit*.properties"/>
                <include name="jpox.log"/>
                <include name="jpox-enhancer.log"/>
                <include name="maven.log"/>
                <include name="db4o.*"/>
            </fileset>
        </ant:delete>
    </postGoal>

    <!-- Perform enhance directly after compilation -->
    <postGoal name="java:compile">
        <copy todir="${basedir}/target/classes">
            <fileset dir="${basedir}/src/java">
                <include name="**/*.jdo"/>
                <include name="**/*.orm"/>
                <include name="**/*.xml"/>
            </fileset>
        </copy>
        <attainGoal name="jpox:enhance"/>
    </postGoal>

    <!-- Goal to run the test. -->
    <goal name="runtest">
        <copy todir="${basedir}/target/classes">
            <fileset dir="${basedir}/src/java/">
                <include name="**/*.xml"/>
            </fileset>
        </copy>
        <copy todir="${basedir}/target/classes">
            <fileset dir="${basedir}">
                <include name="jpox.properties"/>
            </fileset>
        </copy>

        <path id="myclasspath">
            <path refid="maven.dependency.classpath"/>
            <pathelement path="${maven.build.dest}"/>
        </path>

        <ant:java dir="${basedir}"
            classname="org.jpox.test.Main"
            failonerror="true"
            fork="true">
            <classpath refid="myclasspath"/>
            <jvmarg value="-Dlog4j.configuration=file:${basedir}/log4j.properties"/>
        </ant:java>
    </goal>

</project>
