<?xml version="1.0"?>
<project>
    <pomVersion>3</pomVersion>
    <name>JPOX</name>
    <id>jpox-db4o-icoodb</id>
    <currentVersion>1.0</currentVersion>
    <inceptionYear>2008</inceptionYear>
    <package>org.jpox.samples</package>
    <shortDescription>JPOX DB4O - ICOODB</shortDescription>
    <description><![CDATA[
        JPOX DB4O ICOODB Sample
        ]]></description>
    <siteAddress>www.jpox.org</siteAddress>

    <!-- Software Dependencies -->
    <dependencies>
        <dependency>
            <groupId>log4j</groupId>
            <artifactId>log4j</artifactId>
            <version>1.2.8</version>
        </dependency>
        <dependency>
            <groupId>db4o</groupId>
            <artifactId>db4o</artifactId>
            <jar>db4o-6.1-java1.2.jar</jar>
        </dependency>

        <dependency>
            <groupId>javax.jdo</groupId>
            <artifactId>jdo2-api</artifactId>
            <version>2.1-SNAPSHOT</version>
        </dependency>
        <dependency>
            <groupId>jpox</groupId>
            <artifactId>jpox-core</artifactId>
            <version>1.2-SNAPSHOT</version>
        </dependency>
        <dependency>
            <groupId>jpox</groupId>
            <artifactId>jpox-java5</artifactId>
            <version>1.2-SNAPSHOT</version>
        </dependency>
        <dependency>
            <groupId>jpox</groupId>
            <artifactId>jpox-db4o</artifactId>
            <version>1.2-SNAPSHOT</version>
        </dependency>
    </dependencies>

    <!-- Build process -->
    <build>
        <sourceDirectory>src/java</sourceDirectory>
    </build>

    <!-- Reports that we are interested in -->
    <reports>
        <report>maven-javadoc-plugin</report>
    </reports>
</project>
